"c_muestra_wineseq","avg_PER","min_PER","max_PER","sd","var","total","mediaan"
"000A0B",0.00251894458438287,8e-06,0.351426,0.0235244831895475,0.000553401309335304,397,1.5e-05
"A0213T",0.00636943312101911,1.2e-05,0.200554,0.0221263452600653,0.000489575154567614,157,0.000165
"A0213X",0.0102040816326531,8e-06,0.470755,0.0509463938443718,0.00259553504574584,98,2.9e-05
"A02141",0.00636932484076433,8e-06,0.451178,0.0392976063212469,0.0015443018625797,157,4.9e-05
"A02145",0.0102040510204082,6e-06,0.25963,0.0398654940873987,0.00158925761883242,98,4.8e-05
"A02149",0.0108696739130435,1.2e-05,0.418927,0.0504756196002027,0.00254778817402437,92,0.000127
"A0214G",0.0098038431372549,1.1e-05,0.339835,0.0437519172186978,0.00191423026031178,102,3.3e-05
"A0214H",0.0087719649122807,1.8e-05,0.483091,0.0486793638818921,0.00236968046794566,114,8.9e-05
"A0214K",0.00568182954545455,1.2e-05,0.27882,0.0293522442376716,0.000861554241787924,176,0.000135
"A0214L",0.00990087128712871,1.4e-05,0.235292,0.0345044085579404,0.00119055420993327,101,5.8e-05
"A0214M",0.00704230281690141,1.1e-05,0.526336,0.0466322662643603,0.0021745682569502,142,5.4e-05
"A0214O",0.00740745925925926,9e-06,0.393344,0.0383436583952391,0.00147023613913079,135,8e-05
"A0214P",0.00892850892857143,1.4e-05,0.29633,0.0370321647237377,0.00137138122412605,112,7e-05
"A0214Q",0.00892847321428571,7e-06,0.356095,0.0399970611260377,0.00159976489871999,112,2.9e-05
"A0214S",0.0083334,1e-05,0.18244,0.0315567615701713,0.000995829200796638,120,2.9e-05
"A0214T",0.00653596078431373,3.8e-05,0.626342,0.0515458662283921,0.00265697632523529,153,0.000151
"A03A0D",0.00327866885245902,7e-06,0.319767,0.0219525335779712,0.000481913730491955,305,8.6e-05
"A03A0E",0.007874,4e-06,0.275548,0.035280790938161,0.00124473420922222,127,8.8e-05
"A03A0G",0.00243300243309002,5e-06,0.294565,0.0199984799271734,0.000399939199397556,411,4e-05
"A03A0H",0.00793642857142857,4e-06,0.318442,0.0368562215943911,0.00135838107021486,126,9.2e-05
"A04A02",0.00309591640866873,6e-06,0.334216,0.023645506316661,0.000559109968971254,323,2.6e-05
"A04A04",0.0102041020408163,1.2e-05,0.435376,0.049441183639138,0.00244443063963896,98,0.00015
"A04A06",0.0051282,7e-06,0.198305,0.0226683895006367,0.000513855882552577,195,0.000108
"A04A08",0.007999904,3e-06,0.25193,0.0362191863520819,0.00131182946000684,125,6.9e-05
"A04A0A",0.012499875,8e-06,0.830768,0.0931520600590776,0.00867730629325,80,1.6e-05
"A04A0C",0.00505041919191919,9e-06,0.249059,0.0272522597885902,0.000742685663584809,198,3.6e-05
"A04A0E",0.00421946835443038,7e-06,0.265041,0.0268249972654691,0.000719580478292425,237,2e-05
"A04A0I",0.0181819454545455,8e-06,0.344249,0.0599439560519961,0.00359327786716364,55,3.8e-05
"A04A0K",0.00574701149425287,5e-06,0.368476,0.0351590586011971,0.00123615940172241,174,1.6e-05
"A05A02",0.0097087572815534,3e-06,0.248229,0.0384281700006307,0.00147672424959737,103,3.7e-05
"A05A05",0.00395255731225296,3e-06,0.279462,0.0286525246203665,0.00082096716712071,253,8e-06
"A05A07",0.00909095454545455,1.1e-05,0.331949,0.0443237596748461,0.00196459567171351,110,0.000214
"A05A08",0.0055247955801105,7e-06,0.384443,0.0355517344402208,0.00126392582170798,181,3.6e-05
"A05A0A",0.0178570714285714,2e-06,0.336751,0.0588831808641968,0.00346722898868572,56,0.0001295
"A05A0C",0.00409841803278689,4e-06,0.329025,0.0284898288876356,0.000811670350046755,244,1.1e-05
"A05A0E",0.00507626395939086,8e-06,0.318144,0.0305799649382378,0.000935134255623851,197,1.5e-05
"A05A0I",0.0147058088235294,1.2e-05,0.323261,0.0536016480567132,0.00287313667439575,68,0.000117
"A05A0K",0.0094338679245283,7e-06,0.34147,0.0423347848098544,0.00179223400489667,106,7.55e-05
"A05A0M",0.005000015,6e-06,0.25479,0.0286436650685202,0.000820459548557562,200,2.3e-05
"A06A02",0.00675675,7e-06,0.317025,0.0374559301623231,0.00140294670432483,148,2e-05
"A06A04",0.00249370822942643,3e-06,0.42,0.0243795434376273,0.000594362138227158,401,1.9e-05
"A06A06",0.00961544230769231,1e-05,0.305342,0.0441689700785797,0.00195089791780246,104,0.00016
"A06A08",0.00469486854460094,4e-06,0.445698,0.0402884899453551,0.00162316242207698,213,2.6e-05
"A06A0A",0.0106382765957447,9e-06,0.58835,0.0632097993834399,0.00399547873809472,94,0.0001005
"A06A0C",0.00869562608695652,2e-06,0.449776,0.047727026827365,0.00227786908978002,115,3.4e-05
"A06A0E",0.01562496875,2.1e-05,0.243166,0.0435581380342971,0.00189731138901488,64,0.000652
"A06A0K",0.0131578157894737,1.3e-05,0.20851,0.036775261007625,0.00135241982217895,76,3.9e-05
"A06A0Q",0.0114943103448276,7e-06,0.415691,0.0492146659655457,0.00242208334610024,87,0.000206
"A06A0W",0.01562490625,6e-06,0.612341,0.0802894631489897,0.00644639789275298,64,8.6e-05
"A06A1L",0.0172412586206897,6e-06,0.453668,0.0662311332106777,0.00438656300637054,58,1.9e-05
"A06A1N",0.0105263473684211,5e-06,0.394985,0.0471019523547949,0.00221859391563337,95,7.5e-05
"A06A1P",0.0046082534562212,6e-06,0.499477,0.0380238382264057,0.00144581227346787,217,6.8e-05
"A06A1R",0.0136985753424658,1.5e-05,0.28689,0.0473886676997658,0.00224568582635883,73,4.5e-05
"A06A1T",0.00769239230769231,4e-06,0.520949,0.0504920414078007,0.00254944624552707,130,0.000116
"A06A25",0.00806454838709677,1.2e-05,0.485733,0.0509415351667378,0.00259504000514398,124,4.6e-05
"A06A27",0.00961546153846154,8e-06,0.668078,0.0676919206057818,0.00458219611529947,104,1.5e-05
"A07A02",0.00628932075471698,1.9e-05,0.312656,0.0326072347424366,0.00106323175754836,159,0.000266
"A07A04",0.00352100352112676,4e-06,0.396461,0.028597413724583,0.000817812071734967,284,1.7e-05
"A07A06",0.00252537373737374,3e-06,0.330985,0.022607920128652,0.00051111805254351,396,1.2e-05
"A07A08",0.0051545618556701,7e-06,0.181758,0.0226227488399722,0.000511788765076464,194,0.0001085
"A07A0A",0.0099998,1.1e-05,0.857374,0.0857890340432902,0.00735975836208081,100,3.4e-05
"A07A0C",0.00775198449612403,5e-06,0.289362,0.0365066441867916,0.00133273506978101,129,5.9e-05
"A07A0E",0.00675679054054054,3e-06,0.287469,0.0382047991707445,0.00145960667967692,148,6.1e-05
"A07A0G",0.00740745925925926,5e-06,0.421835,0.0440120386927484,0.00193705954989198,135,5e-05
"A07A0I",0.00420158403361345,5e-06,0.287041,0.0287110088381716,0.000824322028505568,238,1.5e-05
"A07A0K",0.00257730412371134,2e-06,0.28925,0.0217988912943841,0.000475191661664375,388,1.2e-05
"A09A00",0.0101010505050505,5e-06,0.46312,0.0510239920764319,0.00260344776741579,99,0.00015
"A09A01",0.00487810731707317,5e-06,0.301242,0.0290027579966112,0.000841159971409996,205,0.000172
"A09A02",0.0107526989247312,1e-05,0.33348,0.0414929122451327,0.00172166176658228,93,0.000226
"A09A03",0.0071941654676259,1.4e-05,0.457516,0.0511593776098668,0.00261728191742894,139,0.000144
"A09A04",0.00529101058201058,4e-06,0.374687,0.0363694645804998,0.00132273795387223,189,8.8e-05
"A09A05",0.0101010606060606,9.7e-05,0.092843,0.0174250017549369,0.000303630686159555,99,0.002128
"A09A06",0.00602413253012048,7e-06,0.426447,0.0407118766457491,0.00165745690001869,166,0.000146
"A09A07",0.0151515606060606,5e-06,0.424027,0.0679865151086548,0.00462216623661935,66,0.000238
"A09A08",0.00877187719298246,8e-06,0.835433,0.0787568569843641,0.00620264252205558,114,7.4e-05
"A09A0A",0.00970868932038835,1.1e-05,0.510282,0.0587744769169689,0.00345443913686331,103,6.7e-05
"A09A0C",0.00273224316939891,4e-06,0.330768,0.0207806984055613,0.000431837426222897,366,9e-05
"A09A0D",0.00546450819672131,4e-06,0.55914,0.0442365610705693,0.00195687333535021,183,0.000128
"A09A0E",0.0053191914893617,7e-06,0.455824,0.0365068259017089,0.00133274833741768,188,0.0001125
"A09A0F",0.00540546486486487,8e-06,0.399989,0.0388793308610969,0.00151160236820664,185,0.000132
"A09A0G",0.00396825396825397,4e-06,0.32084,0.0256454486138294,0.000657689034604566,252,0.000123
"A09A0H",0.00446424107142857,8e-06,0.452417,0.0352256023562219,0.00124084306135866,224,6.7e-05
"A10A01",0.00662249006622517,4e-06,0.527953,0.0470085782408371,0.0022098064282249,151,0.00014
"A10A03",0.00290697093023256,4e-06,0.307682,0.0237998649109103,0.000566433569777578,344,3.7e-05
"A10A05",0.00740746666666667,9e-06,0.872332,0.0752128255591692,0.00565696912859402,135,3.5e-05
"A10A07",0.00492602955665025,5e-06,0.81259,0.0573171513735058,0.00328525584157338,203,2.5e-05
"A24A2V",0.00375936090225564,7e-06,0.4449,0.0324146535565323,0.00105070976519001,266,1.4e-05
"A24A2W",0.00303957750759878,8e-06,0.301354,0.024179541247002,0.000584650214915471,329,1.5e-05
"A24A2X",0.00244512469437653,8e-06,0.282746,0.0212444679734999,0.000451327419477061,409,3.8e-05
"A24A2Y",0.00251894458438287,8e-06,0.351426,0.0235244831895475,0.000553401309335304,397,1.5e-05
"A24A2Z",0.00185536734693878,4.6e-05,0.182485,0.00979255571720018,9.589414747447e-05,539,0.000228
"A24A30",0.0038316091954023,1e-05,0.366913,0.0314678094259795,0.000990223030069765,261,1.9e-05
"A24A31",0.00355898576512456,1.1e-05,0.293577,0.0251963500179762,0.000634856054228368,281,2.1e-05
"A24A32",0.00309606501547988,1.1e-05,0.226227,0.0217070564614936,0.000471196300222469,323,5.5e-05
"A24A33",0.0103094536082474,1.9e-05,0.924417,0.0938522779459629,0.00880825007564627,97,3.7e-05
"A24A34",0.00172101893287435,3.2e-05,0.178764,0.00909902392537068,8.27922363944681e-05,581,0.000227
"A24A35",0.00421931223628692,1e-05,0.415624,0.03189581052725,0.00101734272919023,237,2e-05
"A24A36",0.00641014743589744,8e-06,0.813805,0.0658031282494747,0.00433005168741681,156,1.25e-05
"A24A37",0.00381679007633588,9e-06,0.585268,0.0377152255319401,0.00142243823692511,262,1.9e-05
"A24A38",0.00187246254681648,1.3e-05,0.198364,0.0124248788092097,0.000154377613423547,534,6.7e-05
"A24A39",0.00316461075949367,1.4e-05,0.229714,0.0202688378557483,0.000410825788022615,316,4.2e-05
"A24A3A",0.00349659440559441,9e-06,0.484397,0.0310113105589846,0.000961701382585791,286,2.6e-05
"A24A3B",0.00210964767932489,1.6e-05,0.468075,0.0231462789054173,0.000535750227167366,474,6.5e-05
"A24A3C",0.00204505316973415,7.1e-05,0.100184,0.00777703832548222,6.04823251160192e-05,489,0.000353
"A24A3D",0.0042193417721519,1.4e-05,0.373978,0.031478760212468,0.000990912344514056,237,2.8e-05
"A24A3E",0.00609742682926829,1e-05,0.893225,0.0698311666764885,0.00487639183939952,164,2.1e-05
"A24A3F",0.00380239543726236,9e-06,0.52733,0.0346771523734075,0.00120250489672852,263,1.7e-05
"A24A3G",0.00230433870967742,1e-05,0.305739,0.0206635294203195,0.000426981448104409,434,1.9e-05
"A24A3H",0.00413217355371901,1.5e-05,0.256247,0.025419459422473,0.000646148917330753,242,3e-05
"A24A3I",0.00621104347826087,1.3e-05,0.815643,0.0646858391458619,0.00418425778600432,161,2.6e-05
"A24A3J",0.00363658181818182,1e-05,0.468266,0.0309897439242788,0.000960364228492373,275,1.9e-05
"A36004",0.0078123984375,3.1e-05,0.271787,0.033347755368474,0.00111207278811559,128,9.4e-05
"A36005",0.00787407874015748,2.7e-05,0.261197,0.0355577471858139,0.00126435338493026,127,0.000107
"A3B00A",0.0196078431372549,5.1e-05,0.573101,0.0824724172720486,0.0068016996106949,51,0.000665
"A3B00C",0.0129869480519481,3.4e-05,0.513979,0.062794697914565,0.00394317408618148,77,0.000621
"A3B00D",0.0144927101449275,3.9e-05,0.433267,0.0547281841212448,0.00299517413720887,69,0.001252
"A3B00E",0.0243904390243902,7.8e-05,0.731053,0.115037359612225,0.0132335941065524,41,0.000388
"A3B00F",0.007999984,1e-05,0.374445,0.0390795439400751,0.00152721075456426,125,0.000197
"A3B00G",0.01333332,5.3e-05,0.385218,0.052245934867897,0.00272963771022054,75,8e-04
"A3B00H",0.00833325,3.1e-05,0.341323,0.0423452537277167,0.00179312051326471,120,0.000502
"A3B00I",0.00826442975206612,6e-06,0.437563,0.0432808853415351,0.00187323503594711,121,0.000101
"A3B00K",0.0151515757575758,5.4e-05,0.512447,0.0675098560257482,0.00455758066061725,66,0.000648
"A3B00L",0.00729932846715328,1.4e-05,0.39015,0.0378575173543763,0.0014331916202369,137,0.000191
"A3B00M",0.01000007,7e-06,0.442797,0.0489013390327614,0.00239134095919707,100,4.9e-05
"A3B00O",0.0104166354166667,3.3e-05,0.481724,0.0509691050913497,0.00259784967381305,96,0.000467
"A3B00P",0.00641017948717949,1.9e-05,0.88543,0.0708759230431548,0.0050233964672192,156,7.7e-05
"A3B00S",0.00900897297297297,4.4e-05,0.473314,0.0475324872215088,0.0022593373414629,111,0.000619
"A3B00T",0.00609762195121951,7e-06,0.569013,0.0449732869575964,0.00202259653977031,164,0.000206
"A3B00U",0.00854700854700855,1e-05,0.398093,0.0399604824499059,0.00159684015762924,117,0.000123
"A3B00W",0.0196078431372549,2.7e-05,0.559407,0.0841505207903962,0.0070813101492949,51,0.000109
"A3B00X",0.016129,3.3e-05,0.536767,0.0789803778820628,0.00623790009039344,62,0.0003795
"A3B010",0.0116279418604651,3.8e-05,0.417605,0.0565975316084813,0.00320328058417305,86,0.000227
"A3B011",0.0071941726618705,9e-06,0.353026,0.0373220487841736,0.00139293532544823,139,2.8e-05
"A3B012",0.00925927777777778,7e-06,0.331737,0.0422907184149544,0.00178850486405296,108,0.000109
"A3B014",0.00819654918032787,2.5e-05,0.482878,0.0546700303634046,0.00298881221993558,122,0.000153
"A3B015",0.027027027027027,3.6e-05,0.40924,0.0806849499096078,0.00651006114191591,37,0.000691
"A3B016",0.00719428057553957,6e-06,0.404906,0.0417767170724106,0.00174529408934824,139,0.000112
"A3B017",0.0151515151515152,3.2e-05,0.323585,0.051271972808736,0.00262881519569977,66,0.00065
"A3B018",0.00961549038461538,3.2e-05,0.37715,0.0483586643182034,0.00233856041464068,104,0.000144
"A3B019",0.00751875187969925,3e-06,0.471698,0.0487724175848067,0.00237874871706676,133,0.000124
"A3B01B",0.009009,5.2e-05,0.26726,0.0386730297966754,0.00149560323365455,111,0.000989
"A3B01C",0.0126581265822785,8.3e-05,0.473435,0.0647542256616126,0.00419310974103505,79,0.000665
"A3B01D",0.00588242941176471,4e-06,0.475576,0.041342819635126,0.00170922873538256,170,8.05e-05
"A3B01F",0.0106383936170213,3.6e-05,0.360261,0.0526466009662069,0.00277166459329501,94,0.000233
"A3B01G",0.00970866019417476,6.7e-05,0.415002,0.0505182271409224,0.00255209127346183,103,0.000268
"A3B01H",0.00900895495495495,5e-06,0.318941,0.0379755690156394,0.00144214384206159,111,0.000103
"A3F005",0.00403233467741936,1.6e-05,0.345509,0.0270387266985454,0.000731092741478632,248,9.4e-05
"A3F006",0.00294122058823529,1.2e-05,0.330245,0.0212103517679302,0.000449879022119339,340,0.000118
"A3F007",0.00315450157728707,1.3e-05,0.290375,0.0207239692109978,0.000429482899858384,317,0.000121
"A3G005",0.00602394578313253,6.2e-05,0.212371,0.0236899572235069,0.000561214073251588,166,0.000375
"A3G006",0.0053764247311828,1.3e-05,0.439784,0.0353304658684752,0.00124824181848349,186,0.000139
"A3G008",0.00322576129032258,1.7e-05,0.149898,0.0135507122238851,0.000183621801774549,310,0.0004715
"A3H005",0.00425534042553192,1.4e-05,0.364139,0.0262008317760221,0.00068648358575541,235,0.000457
"A3H006",0.00323621682847896,1.4e-05,0.304617,0.022406864058801,0.000502067556949586,309,0.000141
"A3H007",0.00523556544502618,3.9e-05,0.247786,0.0264339399625131,0.000698753181941747,191,0.000507
"A3H008",0.00273231420765027,1.4e-05,0.307906,0.0216512500254061,0.000468776627662647,366,0.000108
"A3H009",0.0119049166666667,1.3e-05,0.286809,0.0531779221022546,0.00282789139911346,84,2.6e-05
"A3I008",0.00537660215053763,1.3e-05,0.338738,0.0323016322193702,0.00104339544403546,186,3.8e-05
"A3I009",0.00380221673003802,1.2e-05,0.377654,0.0265467740518451,0.000704731212559717,263,4.9e-05
"A3I00A",0.00537641935483871,1.4e-05,0.399805,0.0326242958000662,0.00106434467645022,186,7e-05
"A3I00B",0.00497493034825871,1.4e-05,0.327604,0.0286656736762827,0.000821720847315127,201,4.3e-05
"A3I00C",0.00389098054474708,1.3e-05,0.300693,0.0240181916678944,0.000576873530995712,257,6.7e-05
"A3I00D",0.00469469483568075,1.2e-05,0.381729,0.0313083807669892,0.000980214706250777,213,5e-05
"A3I00E",0.00540534594594595,2.1e-05,0.407993,0.0337156843252658,0.00113674736952098,185,6.4e-05
"A3I00F",0.00456613242009132,1.2e-05,0.39506,0.0304836881347861,0.000929255242298901,219,6e-05
"A3I00G",0.0052909417989418,2.1e-05,0.291778,0.0278295327082082,0.000774482890757232,189,8.4e-05
"A3I00I",0.00452478280542986,1.6e-05,0.345202,0.0274019233533287,0.000750865403461702,221,6.5e-05
"A3I00J",0.00462968518518519,1.6e-05,0.382729,0.0304678797128731,0.000928291694198105,216,6.4e-05
"A5601E",0.00787401574803149,2.81175312807536e-05,0.258147054688598,0.03145102779664,0.000989167149465022,127,5.62350625615071e-05
"A5601F",0.00460829493087558,9.60605565748648e-06,0.206530196635959,0.0247628077409425,0.00061319664721488,217,1.9212111314973e-05
"A5601G",0.00657894736842105,1.43028777390011e-05,0.177684650151611,0.0256183108578673,0.000656297851210323,152,5.72115109560044e-05
"E02005",0.00531910106382979,2.7e-05,0.483048,0.0366034043591518,0.00133980921067957,188,0.000109
"E11005",0.00561800561797753,1.6e-05,0.44035,0.0362208639711862,0.00131195098681918,178,0.000109
"E11006",0.00724616666666667,8e-06,0.450185,0.0416181489806774,0.00173207032457786,138,1.6e-05
"E11007",0.00462964351851852,1.3e-05,0.264909,0.0285466848695215,0.00081491321703977,216,0.000115
"E11008",0.00884962831858407,1.3e-05,0.433367,0.0467447263528951,0.00218506944180705,113,2.5e-05
"E11009",0.00319480191693291,9e-06,0.325109,0.025218576813641,0.00063597661650551,313,5.7e-05
"E14005",0.0153845692307692,1.2e-05,0.593681,0.0794730017608121,0.00631595800887404,65,7.3e-05
"E14006",0.00729946715328467,1e-05,0.370385,0.0437237096764261,0.0019117627878684,137,5.7e-05
"E14007",0.00699307692307692,1.4e-05,0.420968,0.043862709038364,0.00192393724418418,143,0.000111
"E14008",0.00952381904761905,8e-06,0.363963,0.0531444006877237,0.00282432732445733,105,5.4e-05
"E14009",0.0108694782608696,1.7e-05,0.354963,0.0527395567333296,0.00278146084442809,92,6.9e-05
